Year, DayOfYear, WeekOfYear, DateTime, distanceMeters, totalTimeSeconds
2018,234,34,2018-08-22T05:37,6560,2425
2022,21,3,2022-01-21T10:35,7227,2649
2021,49,7,2021-02-18T07:40,1611,574
2022,86,13,2022-03-27T17:58,5260,2700
2023,28,4,2023-01-28T18:37,2715,1098
2018,76,11,2018-03-17T19:03,6490,2417
2022,239,35,2022-08-27T08:45,5291,2261
2022,341,49,2022-12-07T07:55,8067,2979
2018,103,15,2018-04-13T18:06,4904,1932
2021,145,21,2021-05-25T16:57,1611,730
2022,236,34,2022-08-24T11:01,2830,1032
2022,39,6,2022-02-08T10:26,6803,2838
2020,46,7,2020-02-15T06:34,6666,2490
2022,338,49,2022-12-04T08:41,8062,2959
2022,329,47,2022-11-25T07:58,2703,1449
2021,123,18,2021-05-03T07:37,1611,598
2021,248,36,2021-09-05T13:31,4863,1801
2021,21,3,2021-01-21T17:36,1625,605
2022,254,37,2022-09-11T15:29,3446,1636
2020,270,39,2020-09-26T07:00,1606,589
2020,242,35,2020-08-29T14:40,1614,704
2022,214,31,2022-08-02T06:32,6581,2353
2022,290,42,2022-10-17T09:30,2514,954
2022,111,16,2022-04-21T17:25,9814,4368
2022,229,33,2022-08-17T16:47,10588,4560
2018,92,14,2018-04-02T06:29,13000,4759
2021,11,2,2021-01-11T16:52,1623,602
2021,175,25,2021-06-24T07:53,1611,599
2020,65,10,2020-03-05T06:06,6502,2469
2022,15,3,2022-01-15T10:08,9727,3431
2020,297,43,2020-10-23T07:21,1609,559
2021,312,45,2021-11-08T17:04,1620,582
2022,342,49,2022-12-08T07:36,7550,2990
2021,287,41,2021-10-14T17:00,4709,2801
2021,321,46,2021-11-17T17:17,4864,1774
2022,58,9,2022-02-27T17:22,8067,2711
2018,80,12,2018-03-21T05:14,13263,5038
2021,72,11,2021-03-13T10:42,1614,685
2022,328,47,2022-11-24T05:03,5699,2819
2018,101,15,2018-04-11T08:50,6557,2948
2020,139,20,2020-05-18T07:44,9837,3663
2022,352,51,2022-12-18T17:12,8086,3027
2021,232,34,2021-08-20T17:32,1618,770
2020,164,24,2020-06-12T06:53,10000,3672
2018,110,16,2018-04-20T06:51,1537,958
2022,240,35,2022-08-28T17:49,6323,2507
2020,268,39,2020-09-24T07:11,1608,571
2018,59,9,2018-02-28T18:13,5000,3505
2018,217,31,2018-08-05T07:58,875,1187
2022,87,13,2022-03-28T16:43,6872,3517
2022,98,14,2022-04-08T17:32,8502,3905
2022,143,21,2022-05-23T21:24,3227,1411
2023,59,9,2023-02-28T08:54,6512,2440
2018,110,16,2018-04-20T07:08,5000,1829
2020,47,7,2020-02-16T07:33,11306,4290
2017,334,48,2017-11-30T09:22,6664,2921
2021,314,45,2021-11-10T18:06,5058,2928
2020,207,30,2020-07-25T17:29,6469,2386
2021,304,44,2021-10-31T15:34,7417,3886
2022,195,28,2022-07-14T08:21,1909,1378
2018,194,28,2018-07-13T06:12,7153,2719
2020,58,9,2020-02-27T10:03,6722,2366
2018,117,17,2018-04-27T07:58,7511,2983
2021,245,35,2021-09-02T12:40,6534,2553
2022,92,14,2022-04-02T07:08,3655,1631
2021,19,3,2021-01-19T17:29,1612,579
2022,148,22,2022-05-28T12:23,9906,3528
2020,306,44,2020-11-01T07:08,6509,2188
2021,182,26,2021-07-01T17:34,5019,2388
2022,38,6,2022-02-07T17:26,5776,2178
2020,208,30,2020-07-26T17:48,6485,2519
2018,71,11,2018-03-12T19:07,9855,3767
2022,48,7,2022-02-17T20:06,3259,1611
2020,50,8,2020-02-19T07:34,1606,605
2022,249,36,2022-09-06T06:22,6479,2371
2022,66,10,2022-03-07T18:21,246,80
2018,196,28,2018-07-15T07:23,438,333
2022,170,25,2022-06-19T11:50,875,684
2022,254,37,2022-09-11T16:23,761,350
2020,40,6,2020-02-09T06:49,12921,4732
2022,197,29,2022-07-16T11:00,5365,1784
2020,63,9,2020-03-03T07:19,7182,2827
2018,340,49,2018-12-06T05:16,6797,2390
2022,34,5,2022-02-03T16:00,4753,2321
2022,106,16,2022-04-16T12:18,3353,1724
2020,310,45,2020-11-05T08:28,1615,598
2022,344,50,2022-12-10T07:06,8071,3081
2020,239,35,2020-08-26T16:38,1618,766
2020,180,26,2020-06-28T06:44,13000,4800
2020,120,18,2020-04-29T07:12,1607,633
2022,54,8,2022-02-23T08:57,8103,3708
2021,223,32,2021-08-11T19:11,2215,858
2022,343,49,2022-12-09T13:28,1874,1022
2022,209,30,2022-07-28T05:41,8085,2783
2018,148,22,2018-05-28T09:08,209,133
2020,324,47,2020-11-19T07:26,1613,625
2022,57,9,2022-02-26T17:45,8073,2814
2022,169,25,2022-06-18T07:48,2280,1651
2021,348,50,2021-12-14T15:48,7000,3956
2021,9,2,2021-01-09T16:03,1617,588
2023,44,7,2023-02-13T17:20,8216,4023
2022,251,36,2022-09-08T06:08,6469,2411
2022,16,3,2022-01-16T16:13,9106,4438
2018,115,17,2018-04-25T09:42,1032,1156
2021,206,30,2021-07-25T09:32,5731,2607
2020,128,19,2020-05-07T08:26,6528,2390
2022,324,47,2022-11-20T14:43,3355,1427
2021,297,43,2021-10-24T07:46,1613,627
2022,290,42,2022-10-17T09:30,2514,954
2018,201,29,2018-07-20T07:12,1440,690
2022,58,9,2022-02-27T17:22,8067,2711
2022,113,17,2022-04-23T16:41,9714,4883
2022,79,12,2022-03-20T07:40,11520,4208
2020,333,48,2020-11-28T07:52,1610,638
2022,241,35,2022-08-29T07:00,4755,1721
2022,356,51,2022-12-22T11:11,9662,3805
2018,74,11,2018-03-15T09:41,102,24
2022,195,28,2022-07-14T08:21,1909,1378
2022,221,32,2022-08-09T05:40,8076,2976
2018,294,42,2018-10-21T12:28,20602,8708
2018,107,16,2018-04-17T21:26,1092,3370
2022,159,23,2022-06-08T06:39,10829,4176
2021,337,49,2021-12-03T16:46,7313,3470
2022,72,11,2022-03-13T17:48,8617,3620
2018,195,28,2018-07-14T08:27,755,565
2022,143,21,2022-05-23T21:24,3227,1411
2022,191,28,2022-07-10T06:41,12882,5437
2022,169,25,2022-06-18T13:51,1176,651
2021,176,26,2021-06-25T07:57,5768,2296
2022,95,14,2022-04-05T18:12,7000,3048
2022,335,48,2022-12-01T09:02,8085,2953
2018,223,32,2018-08-11T07:20,5201,2594
2022,189,27,2022-07-08T06:48,9674,3711
2022,35,5,2022-02-04T09:39,4850,2084
2020,99,15,2020-04-08T08:52,11295,4620
2020,253,37,2020-09-09T06:52,1614,550
2022,152,22,2022-06-01T08:18,3368,1509
2022,310,45,2022-11-06T17:52,1000,469
2018,151,22,2018-05-31T18:34,407,2809
2018,242,35,2018-08-30T05:46,6438,2250
2018,74,11,2018-03-15T09:42,104,27
2022,40,6,2022-02-09T17:59,4349,1957
2020,234,34,2020-08-21T06:39,1610,630
2022,41,6,2022-02-10T17:48,7017,2962
2018,117,17,2018-04-27T08:51,870,602
2018,194,28,2018-07-13T07:02,1263,1030
2020,96,14,2020-04-05T06:56,19367,7085
2018,39,6,2018-02-08T18:11,6867,3226
2020,344,50,2020-12-09T18:06,143,104
2021,327,47,2021-11-23T14:01,6470,2388
2023,3,1,2023-01-03T08:23,8072,3019
2022,67,10,2022-03-08T17:48,8202,2851
2020,119,17,2020-04-28T06:43,10212,3576
2020,138,20,2020-05-17T06:24,21256,7583
2018,201,29,2018-07-20T06:31,5122,1876
2021,7,1,2021-01-07T09:14,1613,591
2023,45,7,2023-02-14T15:49,8735,3796
2018,196,28,2018-07-15T06:44,6463,2307
2020,321,46,2020-11-16T07:13,1609,625
2021,355,51,2021-12-21T16:59,6744,2685
2022,131,19,2022-05-11T15:14,9833,4448
2020,337,49,2020-12-02T18:38,1609,687
2021,79,12,2021-03-20T11:12,9738,3722
2022,254,37,2022-09-11T15:29,3446,1636
2018,115,17,2018-04-25T19:02,10567,3970
2020,127,19,2020-05-06T07:41,1608,594
2021,153,22,2021-06-02T08:14,3061,1201
2020,197,29,2020-07-15T17:10,7815,3513
2020,188,27,2020-07-06T06:39,9742,3595
2022,31,5,2022-01-31T16:10,9667,4112
2020,230,33,2020-08-17T06:32,1610,548
2017,301,43,2017-10-28T09:00,5285,3929
2021,325,47,2021-11-21T14:19,8267,4000
2020,327,47,2020-11-22T07:55,1611,603
2022,256,37,2022-09-13T05:54,8069,3117
2022,239,35,2022-08-27T08:45,5291,2261
2018,40,6,2018-02-09T17:27,8142,3333
2021,211,31,2021-07-30T19:27,1361,500
2023,2,1,2023-01-02T18:58,4304,1908
2022,36,6,2022-02-05T22:31,2844,1499
2018,148,22,2018-05-28T09:32,1518,500
2022,293,42,2022-10-20T06:20,4945,1743
2020,151,22,2020-05-30T07:01,12487,4080
2021,292,42,2021-10-19T18:45,1606,839
2018,66,10,2018-03-07T19:03,9683,3871
2020,114,17,2020-04-23T08:14,6570,2410
2020,189,27,2020-07-07T06:32,9715,3613
2022,248,36,2022-09-05T06:38,5515,2350
2022,333,48,2022-11-29T05:43,8118,3884
2018,93,14,2018-04-03T07:08,10854,3996
2020,191,28,2020-07-09T06:46,9732,3700
2021,317,46,2021-11-13T17:06,5510,2193
2021,330,48,2021-11-26T09:38,6528,2381
2020,187,27,2020-07-05T06:55,16260,7563
2022,254,37,2022-09-11T16:07,1463,676
2018,293,42,2018-10-20T06:22,2008,1174
2022,297,43,2022-10-24T09:59,7509,3324
2018,150,22,2018-05-30T19:27,292,1807
2022,66,10,2022-03-07T17:29,8106,2790
2021,285,41,2021-10-12T17:37,6532,2968
2022,66,10,2022-03-07T17:29,1612,560
2022,117,17,2022-04-27T17:07,9832,4536
2020,46,7,2020-02-15T07:34,6666,2490
2018,75,11,2018-03-16T18:54,9182,5494
2018,299,43,2018-10-26T08:25,6562,2411
2018,65,10,2018-03-06T07:21,7578,2995
2022,111,16,2022-04-21T17:25,9814,4368
2022,55,8,2022-02-24T08:45,8168,2993
2020,215,31,2020-08-02T16:38,1996,646
2021,239,35,2021-08-27T07:30,1614,749
2018,102,15,2018-04-12T18:04,13222,5441
2020,228,33,2020-08-15T06:25,1606,546
2022,44,7,2022-02-13T16:37,6501,2957
2022,124,18,2022-05-04T15:28,11820,5210
2022,73,11,2022-03-14T18:17,8610,3659
2022,353,51,2022-12-19T16:48,9192,3450
2023,6,1,2023-01-06T07:42,7192,2674
2022,71,11,2022-03-12T17:56,8136,3440
2023,46,7,2023-02-15T17:22,6288,5316
2018,85,13,2018-03-26T19:30,4345,1627
2022,301,43,2022-10-28T17:08,8259,4200
2022,189,27,2022-07-08T06:48,9674,3711
2021,108,16,2021-04-18T15:07,5708,3315
2020,308,44,2020-11-03T08:11,1611,573
2020,132,19,2020-05-11T07:33,8795,3194
2018,262,38,2018-09-19T06:34,1323,466
2020,302,44,2020-10-28T07:17,1601,573
2021,223,32,2021-08-11T08:11,2018,982
2020,196,28,2020-07-14T08:34,6587,2830
2018,74,11,2018-03-15T09:45,102,24
2021,139,20,2021-05-19T07:27,1615,619
2022,173,25,2022-06-22T13:28,1719,1367
2022,33,5,2022-02-02T09:50,3244,1400
2020,83,12,2020-03-23T08:36,8109,3001
2022,104,15,2022-04-14T17:02,8500,4719
2022,179,26,2022-06-28T17:18,4828,2275
2020,169,25,2020-06-17T07:08,1610,605
2021,18,3,2021-01-18T17:30,3667,1360
2017,318,46,2017-11-14T09:05,5605,2234
2022,200,29,2022-07-19T21:15,2725,1231
2022,123,18,2022-05-03T17:39,3632,1717
2022,207,30,2022-07-26T06:34,4100,1514
2021,26,4,2021-01-26T08:40,1613,616
2020,159,23,2020-06-07T06:56,12935,5284
2020,296,43,2020-10-22T07:34,1608,582
2023,31,5,2023-01-31T07:23,6140,3149
2022,205,30,2022-07-24T15:29,6903,3056
2018,216,31,2018-08-04T07:22,2433,2120
2022,94,14,2022-04-04T18:00,8680,3734
2022,292,42,2022-10-19T17:18,6492,2297
2022,43,7,2022-02-12T18:04,4892,2301
2018,291,42,2018-10-18T05:44,6087,2384
2018,150,22,2018-05-30T10:48,345,1196
2022,146,21,2022-05-26T09:23,9705,3412
2022,180,26,2022-06-29T16:13,6568,3383
2018,116,17,2018-04-26T09:17,3218,4084
2018,202,29,2018-07-21T07:22,6514,3354
2021,344,50,2021-12-10T16:21,6540,3137
2022,168,24,2022-06-17T14:02,450,550
2022,223,32,2022-08-11T05:49,9703,3483
2018,93,14,2018-04-03T09:04,1000,2647
2021,325,47,2021-11-21T14:19,8267,4000
2022,2,1,2022-01-02T09:34,8075,2878
2018,169,25,2018-06-18T18:32,6317,2324
2022,9,2,2022-01-09T17:49,4162,1915
2021,238,34,2021-08-26T07:35,1613,763
2020,145,21,2020-05-24T06:22,9725,3691
2018,293,42,2018-10-20T06:51,6534,2536
2022,50,8,2022-02-19T18:34,229,148
2022,329,47,2022-11-25T07:58,2703,1449
2022,237,34,2022-08-25T23:54,2412,978
2022,56,8,2022-02-25T08:49,6604,2456
2018,111,16,2018-04-21T06:04,10258,3762
2022,71,11,2022-03-12T17:56,8136,3440
2020,323,47,2020-11-18T08:05,1608,621
2020,59,9,2020-02-28T09:13,5230,1801
2018,188,27,2018-07-07T08:44,671,461
2022,327,47,2022-11-23T08:14,2168,1102
2020,186,27,2020-07-04T09:42,9922,4308
2020,247,36,2020-09-03T06:39,1612,581
2022,104,15,2022-04-14T17:02,8500,4719
2022,284,41,2022-10-11T08:25,6329,3075
2022,310,45,2022-11-06T17:12,4277,2034
2021,205,30,2021-07-24T18:01,1610,602
2020,211,31,2020-07-29T06:19,1608,603
2022,281,41,2022-10-08T07:21,10026,3579
2022,65,10,2022-03-06T17:22,8121,2829
2022,306,44,2022-11-02T17:57,4000,1976
2020,223,32,2020-08-10T06:41,1607,556
2023,36,6,2023-02-05T05:23,2438,900
2018,85,13,2018-03-26T20:46,623,1714
2020,51,8,2020-02-20T06:08,5070,1923
2023,14,2,2023-01-14T17:46,6276,2761
2023,10,2,2023-01-10T07:26,3516,1551
2020,66,10,2020-03-06T07:16,6616,2581
2020,294,42,2020-10-20T20:13,1614,818
2018,70,10,2018-03-11T19:04,10031,4647
2021,328,47,2021-11-24T10:45,6502,2463
2018,195,28,2018-07-14T08:58,1755,645
2021,203,29,2021-07-22T07:52,5609,2392
2020,152,22,2020-05-31T07:49,9687,3688
2021,42,6,2021-02-11T08:30,1609,596
2023,39,6,2023-02-08T07:19,8086,2830
2021,343,49,2021-12-09T05:50,7000,3612
2017,234,34,2017-08-22T09:24,4478,1856
2022,349,50,2022-12-15T18:39,5662,2800
2018,213,31,2018-08-01T05:33,6323,2264
2021,187,27,2021-07-06T17:27,4527,1841
2022,259,37,2022-09-16T06:50,6448,2340
2022,327,47,2022-11-23T08:14,2168,1102
2017,302,44,2017-10-29T16:42,3000,1790
2022,149,22,2022-05-29T11:59,11341,4067
2018,188,27,2018-07-07T08:05,6456,2349
2018,347,50,2018-12-13T05:19,6141,2278
2021,235,34,2021-08-23T17:21,1605,792
2020,245,35,2020-09-01T06:30,1610,591
2022,253,37,2022-09-10T07:30,5156,1610
2018,90,13,2018-03-31T07:57,12874,4796
2022,114,17,2022-04-24T15:37,9760,4587
2022,142,21,2022-05-22T18:24,3419,1601
2017,329,47,2017-11-25T08:29,6759,3096
2022,243,35,2022-08-31T07:26,6509,2476
2021,318,46,2021-11-14T10:31,9691,3735
2018,100,15,2018-04-10T06:31,9656,4583
2021,303,44,2021-10-30T13:17,4350,1863
2018,94,14,2018-04-04T06:54,16009,7035
2021,351,51,2021-12-17T15:50,5860,3132
2022,252,36,2022-09-09T17:40,2860,1267
2022,246,36,2022-09-03T06:09,12218,4710
2022,360,52,2022-12-26T15:15,619,504
2022,343,49,2022-12-09T12:20,3454,1673
2022,248,36,2022-09-05T06:38,5515,2350
2020,86,13,2020-03-26T08:22,6882,2543
2022,247,36,2022-09-04T06:55,5419,2344
2022,68,10,2022-03-09T07:55,8096,2899
2020,98,14,2020-04-07T07:48,10143,3516
2021,34,5,2021-02-03T17:00,1610,564
2022,46,7,2022-02-15T17:22,2809,4616
2023,60,9,2023-03-01T15:52,6446,2805
2020,193,28,2020-07-11T15:04,5204,2167
2020,121,18,2020-04-30T07:18,6628,2417
2018,168,24,2018-06-17T05:35,1518,1178
2020,284,41,2020-10-10T06:52,1605,596
2018,257,37,2018-09-14T11:20,8070,3023
2022,107,16,2022-04-17T15:33,5227,2579
2022,99,15,2022-04-09T16:42,7881,3657
2018,270,39,2018-09-27T05:02,6550,2434
2021,335,48,2021-12-01T16:47,6754,2686
2018,6,1,2018-01-06T15:36,7188,2759
2021,204,30,2021-07-23T07:25,1611,614
2018,263,38,2018-09-20T05:21,6558,3077
2018,231,33,2018-08-19T06:53,6452,3081
2022,134,20,2022-05-14T17:17,2918,1401
2023,12,2,2023-01-12T17:33,4013,2230
2018,153,22,2018-06-02T09:07,3259,1209
2018,189,27,2018-07-08T08:14,1609,1785
2018,142,21,2018-05-22T12:28,9837,3750
2020,122,18,2020-05-01T08:40,9741,3369
2020,93,14,2020-04-02T09:56,7172,2606
2022,14,2,2022-01-14T16:37,8509,3022
2018,221,32,2018-08-09T05:27,6000,2394
2022,127,19,2022-05-07T16:37,8096,3755
2017,337,49,2017-12-03T09:55,6000,2712
2022,36,6,2022-02-05T22:31,2844,1499
2022,132,19,2022-05-12T18:57,5000,2186
2018,68,10,2018-03-09T18:14,6311,3328
2022,174,25,2022-06-23T21:50,2408,1750
2018,48,7,2018-02-17T17:56,11420,5009
2018,88,13,2018-03-29T09:31,7062,3506
2021,307,44,2021-11-03T18:28,5443,2730
2022,208,30,2022-07-27T17:40,5539,2620
2020,204,30,2020-07-22T20:15,6517,2383
2023,32,5,2023-02-01T06:44,3119,1598
2022,93,14,2022-04-03T17:27,1634,725
2022,10,2,2022-01-10T09:41,6000,2273
2022,42,6,2022-02-11T19:10,3436,1552
2018,255,37,2018-09-12T06:07,5118,1918
2020,171,25,2020-06-19T06:41,9724,3700
2018,41,6,2018-02-10T17:41,9722,3924
2022,302,44,2022-10-29T15:37,6208,3124
2022,193,28,2022-07-12T06:51,7030,2762
2021,152,22,2021-06-01T07:19,1613,603
2017,338,49,2017-12-04T20:50,5882,2581
2017,361,52,2017-12-27T18:37,5173,2058
2022,295,43,2022-10-22T06:56,7313,2676
2018,317,46,2018-11-13T18:47,6321,2422
2022,233,34,2022-08-21T09:14,3235,1351
2022,12,2,2022-01-12T16:43,8096,2956
2018,327,47,2018-11-23T16:24,5518,3535
2020,92,14,2020-04-01T07:32,9712,3304
2021,282,41,2021-10-09T10:22,5000,11458
2020,57,9,2020-02-26T10:45,4261,1533
2020,41,6,2020-02-10T06:12,6697,2507
2022,158,23,2022-06-07T05:55,6925,2747
2020,233,34,2020-08-20T07:12,1602,590
2018,189,27,2018-07-08T07:34,6463,2398
2022,355,51,2022-12-21T17:02,8067,2975
2020,178,26,2020-06-26T06:38,9719,3544
2021,351,51,2021-12-17T15:50,5860,3132
2020,167,24,2020-06-15T06:56,9717,3385
2022,296,43,2022-10-23T07:38,8843,3371
2020,47,7,2020-02-16T06:33,11306,4290
2020,288,42,2020-10-14T07:05,1603,566
2020,343,49,2020-12-08T15:29,1612,720
2018,155,23,2018-06-04T18:53,6467,2483
2022,236,34,2022-08-24T11:35,3087,1324
2017,359,52,2017-12-25T17:38,5239,2024
2022,74,11,2022-03-15T16:00,8817,3685
2018,326,47,2018-11-22T08:02,5092,1593
2018,241,35,2018-08-29T06:10,6508,2340
2022,279,40,2022-10-06T08:05,8093,2893
2021,220,32,2021-08-08T10:24,1609,635
2020,78,12,2020-03-18T07:32,1610,591
2022,63,9,2022-03-04T07:51,190,101
2022,32,5,2022-02-01T15:02,9666,4484
2018,168,24,2018-06-17T06:10,8085,3172
2018,175,25,2018-06-24T19:45,1800,1448
2020,32,5,2020-02-01T18:29,402,225
2020,206,30,2020-07-24T17:44,6533,2395
2022,133,19,2022-05-13T17:56,8076,3739
2021,361,52,2021-12-27T17:57,7924,3776
2018,56,8,2018-02-25T17:40,9508,3686
2020,73,11,2020-03-13T09:28,6508,2535
2022,339,49,2022-12-05T10:10,8066,2966
2022,11,2,2022-01-11T16:14,8065,3153
2020,100,15,2020-04-09T08:09,6797,2444
2023,29,5,2023-01-29T17:08,4843,2208
2022,331,48,2022-11-27T08:02,3686,3975
2022,195,28,2022-07-14T07:20,7000,2585
2023,57,9,2023-02-26T13:42,3224,1549
2023,27,4,2023-01-27T09:35,4018,1685
2022,121,18,2022-05-01T09:46,5840,2561
2022,334,48,2022-11-30T16:45,8054,3157
2022,118,17,2022-04-28T18:06,10026,4377
2020,238,34,2020-08-25T17:25,1610,765
2018,140,20,2018-05-20T14:26,7000,5527
2018,320,46,2018-11-16T18:12,936,754
2020,95,14,2020-04-04T08:28,6621,2346
2022,258,37,2022-09-15T06:35,8074,3010
2017,290,42,2017-10-17T09:29,4833,2076
2022,8,2,2022-01-08T17:09,8097,2855
2020,213,31,2020-07-31T17:26,1756,646
2020,326,47,2020-11-21T07:42,1612,604
2018,308,44,2018-11-04T05:46,21607,7753
2017,364,52,2017-12-30T18:23,3567,1961
2023,7,1,2023-01-07T16:24,8076,3014
2022,226,33,2022-08-14T12:26,6319,2922
2017,231,33,2017-08-19T19:35,3085,2474
2020,319,46,2020-11-14T07:11,1608,606
2021,243,35,2021-08-31T07:09,4916,1956
2023,4,1,2023-01-04T08:27,5074,1959
2020,174,25,2020-06-22T06:31,9709,3649
2022,332,48,2022-11-28T16:48,4834,1962
2021,68,10,2021-03-09T09:34,1613,564
2022,165,24,2022-06-14T05:56,11455,4380
2018,13,2,2018-01-13T09:54,10000,4974
2022,250,36,2022-09-07T06:28,5000,1993
2022,252,36,2022-09-09T08:02,175,80
2017,270,39,2017-09-27T10:31,3376,1272
2021,106,16,2021-04-16T08:41,7623,3046
2020,130,19,2020-05-09T07:10,6748,2355
2022,289,42,2022-10-16T10:02,5000,1759
2018,264,38,2018-09-21T07:00,6545,2918
2021,32,5,2021-02-01T11:32,1612,607
2020,322,46,2020-11-17T07:07,1613,620
2022,305,44,2022-11-01T07:56,7249,2795
2018,307,44,2018-11-03T05:40,10215,3462
2017,304,44,2017-10-31T18:49,3654,1667
2021,8,2,2021-01-08T10:28,5003,1859
2021,73,11,2021-03-14T08:16,9711,3547
2023,42,6,2023-02-11T16:56,8804,3678
2022,165,24,2022-06-14T05:56,11455,4380
2020,34,5,2020-02-03T17:14,7100,2613
2022,56,8,2022-02-25T08:49,6604,2456
2022,103,15,2022-04-13T17:34,8625,3824
2017,332,48,2017-11-28T08:07,8055,4071
2018,302,44,2018-10-29T18:24,7620,3541
2022,122,18,2022-05-02T06:22,5041,2507
2021,344,50,2021-12-10T16:21,6540,3137
2018,14,2,2018-01-14T17:25,6479,2517
2020,262,38,2020-09-18T07:28,1607,610
2022,80,12,2022-03-21T19:05,3227,1408
2020,47,7,2020-02-16T06:14,1813,676
2022,235,34,2022-08-23T22:39,1772,752
2022,134,20,2022-05-14T16:21,3421,1471
2018,16,3,2018-01-16T20:09,5132,2060
2020,181,26,2020-06-29T06:46,9675,3714
2022,1,1,2022-01-01T17:26,4593,2183
2018,140,20,2018-05-20T13:03,1492,988
2017,269,39,2017-09-26T09:00,6064,2330
2021,244,35,2021-09-01T11:15,1590,810
2022,218,32,2022-08-06T06:06,11290,4279
2022,100,15,2022-04-10T17:43,8504,4036
2020,185,27,2020-07-03T06:23,3313,1304
2022,45,7,2022-02-14T17:47,185,117
2021,141,21,2021-05-21T17:55,1613,847
2022,152,22,2022-06-01T07:07,8210,2929
2020,44,7,2020-02-13T07:56,5020,1891
2022,196,28,2022-07-15T22:04,3687,1283
2021,188,27,2021-07-07T16:48,1618,622
2020,57,9,2020-02-26T09:45,4261,1533
2022,167,24,2022-06-16T17:28,6519,2581
2022,361,52,2022-12-27T14:25,9684,4457
2022,187,27,2022-07-06T07:12,9678,3937
2020,296,43,2020-10-22T07:34,5667,2085
2021,113,17,2021-04-23T09:04,1614,599
2021,78,12,2021-03-19T07:47,1612,641
2023,21,3,2023-01-21T08:40,8056,2996
2017,365,53,2017-12-31T13:43,7538,3956
2018,283,41,2018-10-10T06:18,6573,3545
2020,32,5,2020-02-01T17:29,402,225
2023,54,8,2023-02-23T16:24,4842,2198
2021,6,1,2021-01-06T16:05,1603,582
2022,171,25,2022-06-20T19:42,504,335
2018,174,25,2018-06-23T08:20,1899,1497
2023,41,6,2023-02-10T16:47,8286,3904
2022,330,48,2022-11-26T10:39,3889,1945
2022,331,48,2022-11-27T08:02,3686,3975
2020,199,29,2020-07-17T17:25,6493,2760
2020,124,18,2020-05-03T06:22,19382,7123
2018,161,23,2018-06-10T19:30,9495,5581
2022,216,31,2022-08-04T05:41,8100,2900
2018,19,3,2018-01-19T16:23,7000,3219
2022,121,18,2022-05-01T09:46,5840,2561
2022,41,6,2022-02-10T17:48,7017,2962
2022,199,29,2022-07-18T10:14,3250,1058
2022,164,24,2022-06-13T17:42,6869,3094
2023,51,8,2023-02-20T15:46,8058,3543
2022,337,49,2022-12-03T15:19,5000,2172
2021,120,18,2021-04-30T13:33,1613,691
2022,86,13,2022-03-27T17:58,5260,2700
2022,7,1,2022-01-07T18:47,2693,1380
2020,39,6,2020-02-08T09:21,6694,2504
2020,348,50,2020-12-13T06:57,1608,563
2023,43,7,2023-02-12T16:38,5234,2396
2018,269,39,2018-09-26T06:19,7401,2967
2022,261,38,2022-09-18T07:47,1661,673
2021,322,46,2021-11-18T16:22,7146,3398
2022,124,18,2022-05-04T15:28,11820,5210
2018,7,1,2018-01-07T16:38,8140,3134
2017,322,46,2017-11-18T18:43,6031,2333
2018,311,45,2018-11-07T18:14,3927,1983
2021,23,4,2021-01-23T17:05,1612,570
2020,198,29,2020-07-16T16:58,6542,2789
2020,235,34,2020-08-22T06:47,1610,592
2021,31,5,2021-01-31T10:15,1612,605
2020,175,25,2020-06-23T06:45,6535,2380
2022,135,20,2022-05-15T10:33,3280,1395
2022,175,25,2022-06-24T21:23,2000,1238
2022,17,3,2022-01-17T16:51,8183,2895
2018,132,19,2018-05-12T10:20,3252,1018
2020,306,44,2020-11-01T07:08,1612,544
2022,326,47,2022-11-22T13:33,4238,1881
2018,126,18,2018-05-06T06:51,10593,4108
2020,44,7,2020-02-13T06:56,5020,1891
2021,350,50,2021-12-16T05:47,7234,3819
2022,225,33,2022-08-13T19:16,3463,1367
2018,275,40,2018-10-02T18:03,6261,3158
2020,61,9,2020-03-01T08:01,10276,3356
2022,181,26,2022-06-30T07:10,4906,1815
2022,172,25,2022-06-21T15:57,1478,1714
2017,287,41,2017-10-14T18:31,4834,3763
2022,233,34,2022-08-21T08:45,1632,612
2023,52,8,2023-02-21T16:45,6836,3235
2020,103,15,2020-04-12T07:25,14865,5734
2020,292,42,2020-10-18T17:39,1612,742
2021,355,51,2021-12-21T16:59,6744,2685
2022,145,21,2022-05-25T06:52,6000,2583
2022,171,25,2022-06-20T20:32,650,555
2023,32,5,2023-02-01T04:57,494,1242
2021,343,49,2021-12-09T05:50,7000,3612
2022,168,24,2022-06-17T13:39,276,223
2017,358,52,2017-12-24T18:32,5207,2126
2020,301,43,2020-10-27T07:08,1605,571
2022,354,51,2022-12-20T15:51,7825,4033
2021,16,3,2021-01-16T17:22,1611,589
2018,153,22,2018-06-02T10:04,2283,2537
2018,99,15,2018-04-09T06:34,9656,6377
2022,182,26,2022-07-01T07:24,4854,1787
2020,267,39,2020-09-23T06:59,1604,592
2022,138,20,2022-05-18T17:16,5014,2555
2022,123,18,2022-05-03T17:39,3632,1717
2018,329,47,2018-11-25T06:04,21343,7441
2022,93,14,2022-04-03T17:27,1634,725
2023,55,8,2023-02-24T16:24,8154,3971
2022,162,24,2022-06-11T11:19,8565,3968
2022,90,13,2022-03-31T06:34,3632,1676
2022,224,32,2022-08-12T17:53,5344,2190
2022,24,4,2022-01-24T13:56,2569,1094
2018,316,46,2018-11-12T19:21,5506,2172
2020,54,8,2020-02-23T07:12,16139,5962
2022,304,44,2022-10-31T07:51,7135,2676
2022,80,12,2022-03-21T19:05,3227,1408
2020,305,44,2020-10-31T07:31,1607,589
2023,29,5,2023-01-29T17:08,4843,2208
2022,363,52,2022-12-29T04:37,4840,1929
2020,57,9,2020-02-26T16:39,2160,1946
2023,35,5,2023-02-04T05:38,5020,1815
2020,281,41,2020-10-07T07:08,1601,575
2020,309,45,2020-11-04T06:50,1607,620
2021,110,16,2021-04-20T07:59,1614,632
2018,52,8,2018-02-21T18:25,10052,4222
2018,1,1,2018-01-01T16:54,7033,2720
2022,139,20,2022-05-19T17:28,6595,3365
2021,30,5,2021-01-30T17:12,1611,601
2022,6,1,2022-01-06T18:45,2423,1089
2018,175,25,2018-06-24T08:38,503,3190
2017,275,40,2017-10-02T10:33,4832,1925
2021,315,45,2021-11-11T08:49,6444,2354
2022,177,26,2022-06-26T16:42,6268,3004
2018,319,46,2018-11-15T06:19,2839,1075
2020,102,15,2020-04-11T07:50,9833,3505
2017,294,42,2017-10-21T17:46,4897,2220
2022,25,4,2022-01-25T04:25,4828,2411
2022,227,33,2022-08-15T16:42,8350,4035
2022,90,13,2022-03-31T06:34,3632,1676
2018,144,21,2018-05-24T11:40,289,734
2022,274,40,2022-10-01T10:01,4927,1927
2020,299,43,2020-10-25T07:10,1611,575
2022,317,46,2022-11-13T07:55,9780,3911
2022,176,26,2022-06-25T21:05,4547,2461
2017,276,40,2017-10-03T10:43,4656,1876
2018,240,35,2018-08-28T05:44,6501,2470
2021,249,36,2021-09-06T13:43,4326,1613
2022,178,26,2022-06-27T18:23,5175,2440
2018,167,24,2018-06-16T06:15,1165,825
2018,55,8,2018-02-24T17:54,5538,2320
2021,360,52,2021-12-26T17:25,6736,3850
2022,354,51,2022-12-20T15:51,7825,4033
2017,293,42,2017-10-20T19:11,2655,1108
2022,188,27,2022-07-07T06:50,9675,3930
2020,85,13,2020-03-25T08:24,1609,555
2022,18,3,2022-01-18T16:00,8191,2940
2018,122,18,2018-05-02T06:32,10777,4266
2023,26,4,2023-01-26T17:32,4829,2159
2018,156,23,2018-06-05T18:55,7798,3312
2020,229,33,2020-08-16T06:53,1605,549
2020,39,6,2020-02-08T08:21,6694,2504
2022,13,2,2022-01-13T16:38,8090,2995
2020,111,16,2020-04-20T07:40,9712,3544
2022,23,4,2022-01-23T07:19,5000,2207
2022,264,38,2022-09-21T17:19,5633,2897
2021,137,20,2021-05-17T17:40,1613,791
2018,132,19,2018-05-12T07:54,3221,6182
2022,39,6,2022-02-08T10:26,6803,2838
2018,321,46,2018-11-17T17:18,9796,3469
2022,4,1,2022-01-04T16:59,8068,2928
2020,344,50,2020-12-09T16:41,1608,624
2022,357,51,2022-12-23T14:58,9717,3631
2020,113,17,2020-04-22T08:31,1611,601
2022,68,10,2022-03-09T07:55,8096,2899
2020,345,50,2020-12-10T16:08,1609,613
2018,230,33,2018-08-18T07:08,6477,3083
2017,357,51,2017-12-23T09:31,5372,2255
2021,181,26,2021-06-30T18:08,4438,2282
2022,265,38,2022-09-22T05:57,8796,3239
2022,145,21,2022-05-25T06:52,6000,2583
2020,184,27,2020-07-02T06:37,9838,3478
2022,25,4,2022-01-25T04:25,4828,2411
2018,45,7,2018-02-14T18:37,6000,2813
2017,277,40,2017-10-04T10:44,4176,1577
2021,202,29,2021-07-21T07:02,5525,2319
2020,157,23,2020-06-05T07:21,9726,3556
2022,29,5,2022-01-29T16:10,7000,2636
2022,213,31,2022-08-01T17:54,5375,2294
2018,278,40,2018-10-05T19:02,9424,3657
2022,20,3,2022-01-20T16:35,9694,4796
2018,167,24,2018-06-16T06:38,8687,4544
2022,23,4,2022-01-23T07:19,5000,2207
2022,106,16,2022-04-16T07:49,538,265
2021,302,44,2021-10-29T17:05,7439,4067
2020,41,6,2020-02-10T07:12,6697,2507
2020,37,6,2020-02-06T06:19,8801,3374
2022,261,38,2022-09-18T14:20,804,491
2021,298,43,2021-10-25T18:06,1611,729
2021,24,4,2021-01-24T17:09,1613,566
2022,317,46,2022-11-13T07:55,9780,3911
2018,144,21,2018-05-24T06:57,1930,2238
2020,29,5,2020-01-29T16:49,6583,2469
2022,126,18,2022-05-06T17:01,8273,3735
2018,301,43,2018-10-28T09:19,1798,1140
2017,336,48,2017-12-02T09:05,5247,2665
2020,67,10,2020-03-07T09:42,6544,2464
2020,30,5,2020-01-30T16:12,4885,1793
2017,333,48,2017-11-29T09:08,5160,1976
2022,78,12,2022-03-19T12:44,10194,4682
2018,175,25,2018-06-24T09:33,8851,2956
2021,56,8,2021-02-25T09:40,1613,832
2022,266,38,2022-09-23T14:38,5363,2537
2022,22,4,2022-01-22T18:28,4850,2261
2017,289,42,2017-10-16T09:49,3140,1455
2020,243,35,2020-08-30T17:21,1607,732
2020,149,22,2020-05-28T06:50,9730,3743
2018,124,18,2018-05-04T18:56,8734,3245
2022,360,52,2022-12-26T19:48,291,100
2020,266,38,2020-09-22T06:47,1614,592
2022,238,34,2022-08-26T09:23,1645,541
2020,273,39,2020-09-29T06:43,1611,560
2022,95,14,2022-04-05T18:12,7000,3048
2022,222,32,2022-08-10T06:59,8502,3617
2017,350,50,2017-12-16T10:18,4835,2507
2021,253,37,2021-09-10T07:40,4583,1963
2018,315,45,2018-11-11T06:42,5744,2600
2023,16,3,2023-01-16T16:36,8089,3009
2021,22,4,2021-01-22T17:43,1613,565
2018,280,40,2018-10-07T20:43,237,129
2023,34,5,2023-02-03T07:47,5305,2638
2021,106,16,2021-04-16T09:47,1621,1087
2021,22,4,2021-01-22T17:43,5055,1808
2021,364,52,2021-12-30T12:49,4267,2363
2021,306,44,2021-11-02T17:14,2577,1655
2020,153,22,2020-06-01T07:32,9707,3575
2022,83,12,2022-03-24T08:29,4857,2128
2021,295,43,2021-10-22T07:51,1518,620
2017,299,43,2017-10-26T10:44,3784,1695
2020,194,28,2020-07-12T13:23,12926,5536
2017,339,49,2017-12-05T10:12,806,303
2022,178,26,2022-06-27T18:23,5175,2440
2020,54,8,2020-02-23T06:12,16139,5962
2022,130,19,2022-05-10T07:28,4043,1889
2022,37,6,2022-02-06T08:09,2696,1911
2018,314,45,2018-11-10T06:25,7219,2693
2022,156,23,2022-06-05T06:28,7038,2560
2020,110,16,2020-04-19T07:05,19388,7085
2020,261,38,2020-09-17T07:07,1609,578
2022,53,8,2022-02-22T23:10,3239,1474
2022,147,21,2022-05-27T12:00,9533,3494
2022,54,8,2022-02-23T08:57,8103,3708
2021,365,53,2021-12-31T14:54,5694,2909
2018,268,39,2018-09-25T05:31,8000,2993
2018,311,45,2018-11-07T18:01,520,779
2020,148,22,2020-05-27T06:37,1609,568
2023,38,6,2023-02-07T19:16,3277,1543
2022,323,47,2022-11-19T16:52,4117,2013
2022,10,2,2022-01-10T09:41,6000,2273
2020,40,6,2020-02-09T07:49,12921,4732
2022,61,9,2022-03-02T17:30,6509,2377
2023,58,9,2023-02-27T12:52,5415,2315
2018,108,16,2018-04-18T10:42,5560,2220
2018,141,21,2018-05-21T12:47,9883,3949
2018,321,46,2018-11-17T18:26,309,700
2018,275,40,2018-10-02T18:59,1609,1167
2020,179,26,2020-06-27T06:39,12936,4756
2022,79,12,2022-03-20T07:40,11520,4208
2018,58,9,2018-02-27T19:28,6528,2598
2022,38,6,2022-02-07T17:26,5776,2178
2020,315,45,2020-11-10T15:01,9656,3661
2018,244,35,2018-09-01T07:40,8441,4262
2018,163,24,2018-06-12T18:57,7051,2800
2022,298,43,2022-10-25T06:00,5807,2214
2021,322,46,2021-11-18T16:22,7146,3398
2021,354,51,2021-12-20T09:55,4832,2187
2022,268,39,2022-09-25T07:42,4845,1745
2020,150,22,2020-05-29T07:04,6515,2492
2022,49,7,2022-02-18T17:55,3420,1397
2022,230,33,2022-08-18T15:27,8833,3764
2023,47,7,2023-02-16T00:00,6453,3007
2018,172,25,2018-06-21T05:18,7803,3092
2022,194,28,2022-07-13T07:21,8167,3207
2022,211,31,2022-07-30T17:27,5947,2615
2017,286,41,2017-10-13T19:34,4639,1884
2020,192,28,2020-07-10T15:27,6506,2848
2020,298,43,2020-10-24T07:33,1605,575
2020,58,9,2020-02-27T11:03,6722,2366
2018,118,17,2018-04-28T07:42,8648,3303
2017,297,43,2017-10-24T08:11,1000,1291
2020,27,4,2020-01-27T17:43,7402,2400
2021,300,43,2021-10-27T18:05,1610,736
2018,38,6,2018-02-07T08:05,6439,3198
2021,336,48,2021-12-02T16:50,7580,3203
2022,154,22,2022-06-03T17:33,6309,2909
2022,67,10,2022-03-08T17:48,8202,2851
2022,157,23,2022-06-06T06:47,3606,1662
2018,87,13,2018-03-28T08:21,12207,4752
2020,172,25,2020-06-20T06:48,13042,4868
2018,325,47,2018-11-21T17:30,4869,1637
2022,118,17,2022-04-28T18:06,10026,4377
2021,4,1,2021-01-04T10:41,1631,604
2018,286,41,2018-10-13T05:53,8000,3011
2018,315,45,2018-11-11T07:32,2267,1144
2022,304,44,2022-10-31T07:51,7135,2676
2022,340,49,2022-12-06T05:42,8072,2913
2021,227,33,2021-08-15T07:59,1613,602
2018,77,11,2018-03-18T18:40,13000,5716
2017,279,40,2017-10-06T20:49,4487,1694
2022,212,31,2022-07-31T17:32,6312,2833
2022,91,13,2022-04-01T08:46,4869,2350
2018,67,10,2018-03-08T18:39,9072,3738
2023,24,4,2023-01-24T18:18,7420,3245
2021,296,43,2021-10-23T08:53,1609,626
2020,76,11,2020-03-16T07:58,1607,607
2018,343,49,2018-12-09T07:56,8075,3052
2022,177,26,2022-06-26T16:42,6268,3004
2022,314,45,2022-11-10T15:00,8581,3856
2023,22,4,2023-01-22T09:21,8063,2896
2018,305,44,2018-11-01T05:25,2086,869
2020,331,48,2020-11-26T08:00,1612,678
2018,190,28,2018-07-09T18:22,3218,1998
2022,44,7,2022-02-13T16:37,6501,2957
2022,219,32,2022-08-07T06:50,3854,1460
2020,173,25,2020-06-21T06:42,12904,5004
2018,247,36,2018-09-04T06:44,6487,2445
2017,350,50,2017-12-16T10:13,678,260
2020,252,36,2020-09-08T06:58,1611,564
2018,47,7,2018-02-16T07:27,1508,641
2022,64,10,2022-03-05T18:15,8096,2824
2020,282,41,2020-10-08T06:57,1606,581
2018,171,25,2018-06-20T05:20,8089,2925
2022,3,1,2022-01-03T09:08,6463,2278
2023,16,3,2023-01-16T16:36,8089,3009
2021,118,17,2021-04-28T07:55,1614,618
2018,280,40,2018-10-07T19:23,11275,4495
2022,52,8,2022-02-21T17:25,8084,2971
2020,185,27,2020-07-03T07:14,2412,782
2020,75,11,2020-03-15T08:26,1609,593
2020,307,44,2020-11-02T07:07,1609,560
2022,75,11,2022-03-16T17:37,8928,3704
2018,260,38,2018-09-17T10:22,5499,2662
2020,286,41,2020-10-12T07:07,1610,594
2020,330,48,2020-11-25T07:17,1612,682
2022,270,39,2022-09-27T19:05,4913,2384
2023,53,8,2023-02-22T17:00,7571,3505
2021,174,25,2021-06-23T07:20,3244,1588
2022,32,5,2022-02-01T15:02,9666,4484
2022,253,37,2022-09-10T06:45,464,201
2022,348,50,2022-12-14T17:09,8079,2974
2022,320,46,2022-11-16T07:21,9689,3603
2021,10,2,2021-01-10T13:05,1607,591
2018,331,48,2018-11-27T09:53,5513,2030
2022,315,45,2022-11-11T16:29,5376,2572
2021,15,3,2021-01-15T17:11,1612,598
2020,285,41,2020-10-11T06:54,1607,593
2020,162,24,2020-06-10T07:06,1596,650
2021,285,41,2021-10-12T17:37,6532,2968
2022,103,15,2022-04-13T17:34,8625,3824
2020,50,8,2020-02-19T08:34,1606,605
2020,300,43,2020-10-26T07:00,1607,582
2017,263,38,2017-09-20T08:50,5862,2343
2022,360,52,2022-12-26T20:19,389,264
2018,122,18,2018-05-02T09:28,2661,1498
2021,341,49,2021-12-07T16:34,6671,3514
2022,20,3,2022-01-20T16:35,9694,4796
2018,54,8,2018-02-23T18:25,1102,1488
2020,125,18,2020-05-04T07:08,6508,2289
2023,17,3,2023-01-17T14:25,4828,2095
2018,289,42,2018-10-16T05:36,6243,2428
2020,254,37,2020-09-10T07:20,1611,597
2021,332,48,2021-11-28T06:18,22107,7589
2021,318,46,2021-11-14T10:31,9691,3735
2020,259,37,2020-09-15T06:48,1615,566
2022,307,44,2022-11-03T08:14,5108,2013
2023,19,3,2023-01-19T17:07,8079,2994
2023,17,3,2023-01-17T14:25,4828,2095
2018,54,8,2018-02-23T17:58,4296,1590
2020,123,18,2020-05-02T07:59,9734,3571
2022,283,41,2022-10-10T17:53,6687,3210
2022,234,34,2022-08-22T21:33,5000,2014
2022,184,27,2022-07-03T07:22,9667,3991
2018,199,29,2018-07-18T06:17,3344,1206
2020,29,5,2020-01-29T17:49,6583,2469
2020,211,31,2020-07-29T05:53,8111,3019
2022,82,12,2022-03-23T08:32,5632,2371
2022,109,16,2022-04-19T18:10,7574,3614
2018,331,48,2018-11-27T09:43,6781,2385
2022,204,30,2022-07-23T06:01,8085,2672
2018,44,7,2018-02-13T09:02,10459,35542
2017,297,43,2017-10-24T07:47,3218,1208
2021,329,47,2021-11-25T17:06,8082,2944
2022,364,52,2022-12-30T06:09,2728,1245
2021,225,33,2021-08-13T07:42,1614,621
2020,137,20,2020-05-16T10:04,5555,2611
2022,11,2,2022-01-11T16:14,8065,3153
2022,5,1,2022-01-05T17:20,7645,2892
2022,185,27,2022-07-04T06:59,6480,2299
2020,226,33,2020-08-13T06:27,1617,525
2022,302,44,2022-10-29T15:37,6208,3124
2017,254,37,2017-09-11T21:18,2556,1683
2022,166,24,2022-06-15T17:55,5262,2449
2022,299,43,2022-10-26T08:02,7329,2735
2022,114,17,2022-04-24T15:37,9760,4587
2020,287,41,2020-10-13T07:29,1610,570
2022,193,28,2022-07-12T07:49,1792,1419
2023,61,9,2023-03-02T08:41,8153,3024
2021,70,10,2021-03-11T15:37,1614,682
2023,34,5,2023-02-03T05:31,1120,7548
2022,267,39,2022-09-24T06:06,11736,4684
2022,101,15,2022-04-11T17:03,8059,3653
2022,190,28,2022-07-09T06:08,11281,4427
2018,147,21,2018-05-27T09:24,258,1926
2020,165,24,2020-06-13T06:37,9718,3473
2018,301,43,2018-10-28T08:14,9144,3329
2022,77,11,2022-03-18T15:48,8632,3617
2022,155,23,2022-06-04T17:32,8378,3951
2020,258,37,2020-09-14T06:44,1619,600
2021,257,37,2021-09-14T08:45,1615,673
2018,305,44,2018-11-01T04:19,5267,2176
2018,287,41,2018-10-14T05:13,14497,7283
2020,105,15,2020-04-14T07:06,10044,3578
2021,309,45,2021-11-05T16:56,6063,3100
2018,343,49,2018-12-09T08:47,636,524
2018,266,38,2018-09-23T07:33,318,417
2022,201,29,2022-07-20T17:06,7079,3120
2022,275,40,2022-10-02T07:52,6694,2882
2023,30,5,2023-01-30T07:05,384,765
2022,242,35,2022-08-30T07:13,5266,2057
2020,329,47,2020-11-24T07:34,1610,647
2020,185,27,2020-07-03T09:47,1675,673
2023,37,6,2023-02-06T06:18,2625,1068
2022,287,41,2022-10-14T09:07,6693,2384
2018,310,45,2018-11-06T07:19,4648,2329
2022,46,7,2022-02-15T17:22,2809,4616
2022,183,27,2022-07-02T07:06,8202,2982
2020,69,10,2020-03-09T08:50,6538,2524
2020,160,23,2020-06-08T06:56,9716,3700
2022,322,46,2022-11-18T16:30,4868,2099
2021,27,4,2021-01-27T09:16,1612,603
2020,129,19,2020-05-08T08:34,6574,2361
2022,88,13,2022-03-29T18:09,4377,1973
2020,214,31,2020-08-01T18:32,1746,638
2023,12,2,2023-01-12T17:33,4013,2230
2022,5,1,2022-01-05T17:20,7645,2892
2022,270,39,2022-09-27T19:05,4913,2384
2022,162,24,2022-06-11T11:19,8565,3968
2020,74,11,2020-03-14T09:25,6492,2473
2022,217,31,2022-08-05T17:35,3868,1795
2022,161,23,2022-06-10T06:45,5152,6389
2022,174,25,2022-06-23T21:50,2408,1750
2020,303,44,2020-10-29T07:31,1600,581
2020,27,4,2020-01-27T13:56,6482,2418
2022,26,4,2022-01-26T16:55,4123,1881
2017,351,51,2017-12-17T10:56,5222,2413
2020,116,17,2020-04-25T07:17,9796,3572
2020,48,7,2020-02-17T10:17,4898,1931
2022,51,8,2022-02-20T17:33,8114,2890
2022,263,38,2022-09-20T05:57,8358,3187
2018,209,30,2018-07-28T07:13,1609,1833
2017,300,43,2017-10-27T08:40,4000,1579
2022,76,11,2022-03-17T12:21,4000,1697
2023,5,1,2023-01-05T05:46,7497,2752
2020,66,10,2020-03-06T06:16,6616,2581
2022,325,47,2022-11-21T08:36,5290,2266
2021,178,26,2021-06-27T16:20,4934,2265
2023,56,8,2023-02-25T17:33,3553,1709
2022,336,48,2022-12-02T09:02,8071,2867
2018,285,41,2018-10-12T06:15,8197,3013
2022,186,27,2022-07-05T08:04,1747,1077
2022,151,22,2022-05-31T19:26,4426,7711
2022,119,17,2022-04-29T16:42,9814,4441
2021,5,1,2021-01-05T13:20,1611,587
2018,292,42,2018-10-19T06:42,8736,3668
2018,259,37,2018-09-16T12:00,6336,3075
2021,143,21,2021-05-23T18:04,1613,706
2020,90,13,2020-03-30T07:57,9710,3683
2022,47,7,2022-02-16T17:22,8080,2960
2022,359,52,2022-12-25T09:33,4770,2114
2020,161,23,2020-06-09T06:53,6747,2565
2020,340,49,2020-12-05T07:57,1602,625
2022,217,31,2022-08-05T17:35,3868,1795
2021,308,44,2021-11-04T09:58,5805,2807
2022,43,7,2022-02-12T18:04,4892,2301
2018,342,49,2018-12-08T08:09,7513,3302
2018,276,40,2018-10-03T17:47,5000,1955
2022,176,26,2022-06-25T21:05,4547,2461
2020,311,45,2020-11-06T07:33,1612,601
2022,245,35,2022-09-02T06:32,6467,2418
2022,101,15,2022-04-11T17:03,8059,3653
2022,228,33,2022-08-16T16:12,8921,4059
2022,45,7,2022-02-14T16:54,8203,2939
2022,52,8,2022-02-21T17:25,8084,2971
2018,57,9,2018-02-26T07:48,4907,2406
2022,157,23,2022-06-06T06:47,3606,1662
2022,125,18,2022-05-05T16:12,8067,3685
2020,304,44,2020-10-30T07:21,1607,588
2020,225,33,2020-08-12T06:36,1607,524
2020,202,29,2020-07-20T15:03,6533,2379
2021,59,9,2021-02-28T09:05,1611,597
2022,212,31,2022-07-31T17:32,6312,2833
2022,21,3,2022-01-21T10:35,7227,2649
2021,75,11,2021-03-16T08:27,9707,3655
2017,298,43,2017-10-25T08:55,3767,1617
2023,30,5,2023-01-30T12:54,4857,2491
2021,218,32,2021-08-06T07:34,1654,669
2022,150,22,2022-05-30T10:28,11696,4311
2018,253,37,2018-09-10T18:53,4719,1731
2022,163,24,2022-06-12T17:22,7674,3942
2021,154,22,2021-06-03T07:03,1614,589
2022,192,28,2022-07-11T06:21,9682,3809
2020,289,42,2020-10-15T07:13,1613,576
2022,351,51,2022-12-17T16:35,8103,2996
2022,358,52,2022-12-24T16:15,9785,4323
2018,266,38,2018-09-23T06:16,11282,4556
2018,37,6,2018-02-06T09:02,8051,3181
2017,264,38,2017-09-21T08:33,5511,2165
2018,164,24,2018-06-13T18:19,4697,1744
2022,280,40,2022-10-07T08:32,9698,3513
2020,53,8,2020-02-22T09:18,6807,2468
2022,84,12,2022-03-25T16:41,6688,2816
2021,332,48,2021-11-28T06:18,22107,7589
2023,50,8,2023-02-19T09:38,7000,2658
2018,123,18,2018-05-03T06:42,10895,4093
2020,317,46,2020-11-12T13:22,1614,695
2018,320,46,2018-11-16T17:43,4928,1738
2020,248,36,2020-09-04T06:43,1614,582
2017,274,40,2017-10-01T16:11,4100,1581
2021,314,45,2021-11-10T18:06,5058,2928
2023,25,4,2023-01-25T17:08,6705,3025
2017,267,39,2017-09-24T19:13,5000,2299
2018,131,19,2018-05-11T02:20,7850,3209
2018,248,36,2018-09-05T06:57,6710,3456
2020,260,38,2020-09-16T06:43,1606,550
2021,178,26,2021-06-27T16:20,4934,2265
2018,157,23,2018-06-06T18:26,7894,3135
2018,314,45,2018-11-10T07:10,814,577
2022,27,4,2022-01-27T17:01,3124,1281
2022,318,46,2022-11-14T07:00,8344,3069
2022,211,31,2022-07-30T17:27,5947,2615
2022,82,12,2022-03-23T08:32,5632,2371
2018,121,18,2018-05-01T06:45,8120,3068
2022,230,33,2022-08-18T15:27,8833,3764
2021,345,50,2021-12-11T16:05,5736,3249
2020,82,12,2020-03-22T07:57,16141,6386
2021,358,52,2021-12-24T16:53,6045,2841
2018,324,47,2018-11-20T18:23,4858,1639
2020,275,40,2020-10-01T07:21,1610,655
2022,151,22,2022-05-31T19:26,4426,7711
2022,283,41,2022-10-10T17:53,6687,3210
2022,300,43,2022-10-27T08:16,7232,2833
2020,223,32,2020-08-10T06:41,1607,556
2022,175,25,2022-06-24T21:23,2000,1238
2020,147,21,2020-05-26T07:43,10000,3809
2017,344,50,2017-12-10T16:46,5148,1966
2020,339,49,2020-12-04T17:02,1605,605
2018,209,30,2018-07-28T06:43,5033,1828
2022,269,39,2022-09-26T19:36,4853,2092
2020,134,20,2020-05-13T06:33,1608,602
2022,48,7,2022-02-17T20:06,3259,1611
2023,1,1,2023-01-01T08:27,8062,2977
2023,33,5,2023-02-02T13:08,6498,2852
2021,61,9,2021-03-02T08:33,8238,3404
2017,253,37,2017-09-10T11:07,3289,1901
2021,35,5,2021-02-04T17:02,1609,576
2020,236,34,2020-08-23T16:55,1609,691
2022,61,9,2022-03-02T17:30,6509,2377
2020,274,40,2020-09-30T07:03,1383,476
2018,146,21,2018-05-26T09:19,3925,4735
2018,314,45,2018-11-10T17:46,814,1054
2023,53,8,2023-02-22T14:49,483,215
2018,288,42,2018-10-15T18:19,4839,1892
2017,354,51,2017-12-20T08:31,4028,1928
2021,258,37,2021-09-15T08:00,1600,679
2020,133,19,2020-05-12T07:58,7000,2618
2020,335,48,2020-11-30T07:49,1606,601
2018,140,20,2018-05-20T12:10,8193,3166
2022,244,35,2022-09-01T06:00,6678,2487
2020,43,7,2020-02-12T06:28,66,33
2021,364,52,2021-12-30T12:49,4267,2363
2018,165,24,2018-06-14T05:04,5094,1875
2020,185,27,2020-07-03T06:48,2413,786
2020,89,13,2020-03-29T07:50,1611,585
2018,273,39,2018-09-30T06:10,12307,4802
2020,33,5,2020-02-02T15:05,9705,3512
2022,286,41,2022-10-13T06:36,6634,2687
2021,256,37,2021-09-13T09:39,1612,690
2021,100,15,2021-04-10T07:32,5120,2022
2022,4,1,2022-01-04T16:59,8068,2928
2022,215,31,2022-08-03T07:01,8523,3463
2022,220,32,2022-08-08T18:20,2544,1024
2022,57,9,2022-02-26T17:45,8073,2814
2020,257,37,2020-09-13T16:12,1611,641
2018,200,29,2018-07-19T05:50,4889,1778
2022,358,52,2022-12-24T16:15,9785,4323
2018,43,7,2018-02-12T09:38,2000,1256
2022,316,46,2022-11-12T07:42,5678,2157
2022,19,3,2022-01-19T16:41,9716,3509
2020,141,21,2020-05-20T06:26,11352,4275
2020,60,9,2020-02-29T08:58,6557,2360
2023,20,3,2023-01-20T17:01,8063,3106
2020,143,21,2020-05-22T06:49,10000,3571
2022,202,29,2022-07-21T07:08,8074,2749
2021,335,48,2021-12-01T16:47,6754,2686
2020,33,5,2020-02-02T16:05,9705,3512
2020,347,50,2020-12-12T10:12,1612,615
2018,128,19,2018-05-08T07:13,651,454
2020,212,31,2020-07-30T06:36,1602,577
2022,74,11,2022-03-15T16:00,8817,3685
2020,293,42,2020-10-19T17:33,1607,717
2022,347,50,2022-12-13T17:50,8091,3057
2022,198,29,2022-07-17T10:15,22027,7906
2020,117,17,2020-04-26T07:09,1611,583
2022,19,3,2022-01-19T16:41,9716,3509
2023,18,3,2023-01-18T17:13,8056,3038
2020,87,13,2020-03-27T07:34,9849,3684
2022,47,7,2022-02-16T17:22,8080,2960
2023,31,5,2023-01-31T07:23,6141,3149
2021,103,15,2021-04-13T08:47,5254,1916
2018,160,23,2018-06-09T18:37,368,2490
2023,49,7,2023-02-18T17:55,4565,2287
2020,30,5,2020-01-30T15:12,4885,1793
2018,49,7,2018-02-18T18:46,1818,1279
2020,94,14,2020-04-03T09:16,10000,3700
2022,262,38,2022-09-19T17:28,6387,3324
2022,365,53,2022-12-31T17:54,4651,2188
2022,312,45,2022-11-08T05:54,5756,2179
2018,104,15,2018-04-14T08:01,7269,2825
2022,76,11,2022-03-17T13:33,4445,1843
2020,271,39,2020-09-27T06:58,1608,595
2018,337,49,2018-12-03T18:58,5664,1989
2020,53,8,2020-02-22T10:18,6807,2468
2022,272,39,2022-09-29T18:14,5340,2062
2021,350,50,2021-12-16T05:47,7234,3819
2021,61,9,2021-03-02T08:33,1614,608
2018,74,11,2018-03-15T09:47,103,21
2022,294,42,2022-10-21T16:51,8600,3889
2020,313,45,2020-11-08T19:23,1615,655
2022,34,5,2022-02-03T16:00,4753,2321
2021,44,7,2021-02-13T08:47,1612,607
2022,144,21,2022-05-24T07:17,4124,2045
2021,336,48,2021-12-02T16:50,7580,3203
2018,262,38,2018-09-19T06:41,5428,1922
2020,27,4,2020-01-27T12:56,6482,2418
2021,45,7,2021-02-14T08:11,1610,603
2022,28,4,2022-01-28T16:40,6518,2701
2018,74,11,2018-03-15T18:51,6463,2321
2020,60,9,2020-02-29T09:58,6557,2360
2022,65,10,2022-03-06T17:22,8121,2829
2020,283,41,2020-10-09T07:09,1607,580
2022,278,40,2022-10-05T08:32,8089,2921
2020,208,30,2020-07-26T16:20,6485,2519
2018,104,15,2018-04-14T23:21,806,572
2022,179,26,2022-06-28T17:18,4828,2275
2021,363,52,2021-12-29T19:10,3391,1870
2022,140,20,2022-05-20T16:58,8065,3698
2021,356,51,2021-12-22T16:08,8344,3244
2018,224,32,2018-08-12T08:30,1481,1515
2021,246,36,2021-09-03T13:31,4898,1917
2018,63,9,2018-03-04T08:42,10074,3990
2017,306,44,2017-11-02T08:46,456,193
2022,288,42,2022-10-15T09:35,4876,1721
2021,277,40,2021-10-04T17:41,5358,2415
2022,105,15,2022-04-15T17:34,7639,3789
2021,237,34,2021-08-25T08:38,1610,751
2018,339,49,2018-12-05T06:11,6801,2409
2021,309,45,2021-11-05T16:56,6063,3100
2018,128,19,2018-05-08T06:12,7094,2583
2017,326,47,2017-11-22T09:39,1478,1952
2022,50,8,2022-02-19T17:42,8125,3089
2018,229,33,2018-08-17T06:26,5029,1828
2022,362,52,2022-12-28T05:09,5247,2274
2020,43,7,2020-02-12T07:28,66,33
2018,50,8,2018-02-19T18:55,425,362
2020,82,12,2020-03-22T09:52,852,537
2020,37,6,2020-02-06T07:19,8801,3374
2020,305,44,2020-10-31T08:31,9764,3457
2017,252,36,2017-09-09T17:02,4828,1980
2021,189,27,2021-07-08T18:03,868,412
2018,83,12,2018-03-24T17:41,13048,4837
2021,316,46,2021-11-12T16:49,8094,3097
2018,197,29,2018-07-16T19:30,6440,2498
2022,62,9,2022-03-03T09:14,8069,2992
2023,48,7,2023-02-17T16:55,4404,2018
2023,11,2,2023-01-11T18:37,2516,1085
2022,97,14,2022-04-07T15:53,8506,4562
2021,185,27,2021-07-04T19:58,3298,1236
2021,120,18,2021-04-30T08:04,1796,779
2022,59,9,2022-02-28T17:33,8074,2856
2022,273,39,2022-09-30T08:33,4839,2040
2022,129,19,2022-05-09T18:41,6601,2903
2020,166,24,2020-06-14T07:38,3228,1259
2022,158,23,2022-06-07T17:26,5131,2211
2022,276,40,2022-10-03T08:08,8076,3063
2021,25,4,2021-01-25T07:48,2414,810
2018,243,35,2018-08-31T06:45,5414,1937
2022,81,12,2022-03-22T07:58,8463,3650
2018,216,31,2018-08-04T06:21,9151,3635
2020,135,20,2020-05-14T06:29,6822,2511
2022,303,44,2022-10-30T07:39,9709,3588
2021,12,2,2021-01-12T17:06,1614,588
2021,211,31,2021-07-30T08:13,5630,2425
2023,40,6,2023-02-09T16:30,2727,1133
2022,350,50,2022-12-16T13:18,8078,2959
2022,262,38,2022-09-19T17:28,6387,3324
2020,68,10,2020-03-08T08:32,16317,6036
2018,49,7,2018-02-18T17:52,8163,3190
2020,61,9,2020-03-01T07:01,10276,3356
2023,13,2,2023-01-13T19:24,4729,2096
2020,269,39,2020-09-25T07:25,1614,557
2018,120,18,2018-04-30T06:37,10852,3993
2022,136,20,2022-05-16T06:41,3351,1647
2020,72,11,2020-03-12T09:58,6500,2441
2021,290,42,2021-10-17T17:57,6701,2993
2021,70,10,2021-03-11T14:25,6580,2842
2020,144,21,2020-05-23T06:53,9716,3561
2022,144,21,2022-05-24T07:17,4124,2045
2022,116,17,2022-04-26T10:53,10217,4564
2017,362,52,2017-12-28T17:42,5168,2985
2021,127,19,2021-05-07T07:53,4866,1821
2022,60,9,2022-03-01T09:50,8084,2887
2020,47,7,2020-02-16T07:14,1813,676
2022,141,21,2022-05-21T17:14,4303,2094
2018,304,44,2018-10-31T19:25,6442,3114
2021,209,30,2021-07-28T07:36,5045,2163
2022,306,44,2022-11-02T17:57,4000,1976
2021,29,5,2021-01-29T11:54,1615,579
2021,236,34,2021-08-24T08:31,1609,857
2022,294,42,2022-10-21T16:51,8600,3889
2020,278,40,2020-10-04T07:23,1605,599
2022,321,46,2022-11-17T16:41,4776,2136
2018,120,18,2018-04-30T09:44,1145,916
2021,179,26,2021-06-28T17:11,1611,660
2020,158,23,2020-06-06T07:58,12932,4724
2022,346,50,2022-12-12T12:32,8120,3149
2021,144,21,2021-05-24T18:23,2165,998
2022,343,49,2022-12-09T07:44,1862,770
2022,63,9,2022-03-04T17:28,3318,1224
2022,309,45,2022-11-05T16:22,5835,2762
2022,160,23,2022-06-09T05:54,6284,2260
2022,89,13,2022-03-30T16:41,4386,2016
2023,47,7,2023-02-16T17:49,492,219
2022,96,14,2022-04-06T16:08,8226,3645
2022,110,16,2022-04-20T19:13,9703,4438
2022,60,9,2022-03-01T09:50,8084,2887
2018,224,32,2018-08-12T07:32,5178,2450
2018,149,22,2018-05-29T19:01,4297,2471
2020,250,36,2020-09-06T06:51,1619,562
2017,320,46,2017-11-16T07:52,5526,2368
2021,333,48,2021-11-29T16:33,8073,3184
2021,82,12,2021-03-23T17:56,9720,3857
2020,88,13,2020-03-28T09:01,6836,2534
2022,50,8,2022-02-19T17:42,8125,3089
2020,176,26,2020-06-24T06:34,1608,609
2020,201,29,2020-07-19T17:08,6501,2395
2020,32,5,2020-02-01T19:19,418,150
2017,343,49,2017-12-09T19:16,5094,1996
2021,288,42,2021-10-15T08:11,1879,8616
2021,276,40,2021-10-03T17:53,5496,7824
2018,296,43,2018-10-23T18:10,7143,3196
2022,102,15,2022-04-12T17:56,7082,3119
2022,75,11,2022-03-16T17:37,8928,3704
2021,68,10,2021-03-09T09:32,1616,586
2018,50,8,2018-02-19T18:02,8053,3181
2023,23,4,2023-01-23T08:56,4841,1715
2018,159,23,2018-06-08T20:23,1713,2029
2021,306,44,2021-11-02T17:14,2577,1655
2018,62,9,2018-03-03T07:29,10000,4601
2021,18,3,2021-01-18T17:29,1613,600
2018,336,48,2018-12-02T09:01,6759,2344
2022,9,2,2022-01-09T17:49,4162,1915
2022,257,37,2022-09-14T07:12,8053,3090
2022,319,46,2022-11-15T05:45,8437,3065
2021,40,6,2021-02-09T07:40,1610,619
2020,109,16,2020-04-18T07:29,10217,3751
2020,166,24,2020-06-14T10:03,8207,3457
2018,233,34,2018-08-21T05:13,6582,2326
2021,133,19,2021-05-13T07:41,1612,583
2020,350,50,2020-12-15T09:46,1608,625
2021,14,2,2021-01-14T09:09,1612,607
2021,341,49,2021-12-07T16:34,6671,3514
2020,200,29,2020-07-18T16:53,6533,2645
2020,106,16,2020-04-15T07:16,1610,595
2021,8,2,2021-01-08T10:28,5017,1857
2020,246,36,2020-09-02T06:44,1614,604
2020,277,40,2020-10-03T07:59,1614,597
2022,291,42,2022-10-18T16:57,6666,2795
2022,137,20,2022-05-17T17:11,4083,3186
2022,203,29,2022-07-22T07:04,6468,2161
2018,18,3,2018-01-18T17:42,4900,1822
2022,311,45,2022-11-07T06:53,7072,2589
2021,138,20,2021-05-18T16:50,1594,733
2018,185,27,2018-07-04T07:31,6674,2589
2022,128,19,2022-05-08T16:22,10057,4416
2022,153,22,2022-06-02T05:57,7052,2935
2022,69,10,2022-03-10T17:21,8442,4083
2020,57,9,2020-02-26T17:39,2160,1946
2021,278,40,2021-10-05T19:02,2714,1770
2022,247,36,2022-09-04T06:55,5419,2344
2020,291,42,2020-10-17T07:22,1611,583
2018,204,30,2018-07-23T18:31,3771,1390
2020,318,46,2020-11-13T07:18,1610,614
2022,136,20,2022-05-16T06:41,3351,1647
2022,313,45,2022-11-09T17:33,7314,3466
2022,108,16,2022-04-18T18:17,5154,2361
2020,65,10,2020-03-05T07:06,6502,2469
2018,229,33,2018-08-17T06:57,1340,5775
2018,228,33,2018-08-16T06:54,5770,2062
2017,314,45,2017-11-10T09:39,1000,533
2022,122,18,2022-05-02T06:22,5041,2507
2022,64,10,2022-03-05T18:15,8096,2824
2021,363,52,2021-12-29T19:10,3391,1870
2022,291,42,2022-10-18T16:57,6666,2795
2017,327,47,2017-11-23T12:32,5085,2255
2022,232,34,2022-08-20T07:10,5178,1994
2017,251,36,2017-09-08T09:10,4112,1961
2020,59,9,2020-02-28T08:13,5230,1801
2020,63,9,2020-03-03T08:19,7182,2827
2022,260,38,2022-09-17T06:32,1802,878
2020,217,31,2020-08-04T16:08,1788,659
2022,115,17,2022-04-25T18:00,6549,3029
2017,272,39,2017-09-29T09:49,4000,1503
2021,315,45,2021-11-11T08:49,6444,2354
2022,51,8,2022-02-20T17:33,8114,2890
2022,210,30,2022-07-29T07:09,4855,1697
2020,131,19,2020-05-10T18:12,7049,2963
2018,226,33,2018-08-14T05:36,5385,2233
2022,105,15,2022-04-15T17:34,7639,3789
2021,295,43,2021-10-22T08:02,4841,2189
2020,320,46,2020-11-15T07:01,1609,652
2020,32,5,2020-02-01T17:42,4425,1623
2017,292,42,2017-10-19T08:27,3218,1370
2020,79,12,2020-03-19T07:18,6642,2497
2020,264,38,2020-09-20T06:53,1614,580
2020,220,32,2020-08-07T06:37,1605,564
2023,11,2,2023-01-11T18:37,2516,1085
2020,222,32,2020-08-09T06:36,1609,531
2022,120,18,2022-04-30T17:32,8730,4039
2022,70,10,2022-03-11T20:08,4672,2226
2021,218,32,2021-08-06T08:29,4092,2148
2018,112,16,2018-04-22T06:15,21688,8299
2021,280,40,2021-10-07T18:17,5125,2528
2022,31,5,2022-01-31T16:10,9667,4112
2018,212,31,2018-07-31T05:26,4723,1724
2023,8,2,2023-01-08T17:02,8086,3050
2023,19,3,2023-01-19T17:07,8079,2994
2020,232,34,2020-08-19T06:36,1614,619
2022,180,26,2022-06-29T16:13,6568,3383
2022,16,3,2022-01-16T16:13,9106,4438
2022,171,25,2022-06-20T07:46,1609,1213
2021,289,42,2021-10-16T07:46,6612,4191
2022,112,16,2022-04-22T16:45,9667,4510
2021,283,41,2021-10-10T10:13,5068,2942
2020,231,33,2020-08-18T06:58,1604,550
2020,67,10,2020-03-07T10:42,6544,2464
2020,295,43,2020-10-21T19:18,1612,678
2023,15,3,2023-01-15T19:14,5483,2340
2020,313,45,2020-11-08T19:00,6437,2520
2022,260,38,2022-09-17T06:32,1802,878
2022,231,33,2022-08-19T17:14,4234,1842
2022,70,10,2022-03-11T20:08,4672,2226
2022,30,5,2022-01-30T06:45,2903,1094
2020,32,5,2020-02-01T18:42,4425,1623
2022,285,41,2022-10-12T10:23,4472,1933
2020,81,12,2020-03-21T08:30,6594,2432
2022,282,41,2022-10-09T08:27,4852,1764
2022,157,23,2022-06-06T14:57,4884,2249
2022,271,39,2022-09-28T11:30,6000,3714
2022,116,17,2022-04-26T10:53,10217,4564
2020,51,8,2020-02-20T07:08,5070,1923
2022,186,27,2022-07-05T07:12,5940,2422
2022,206,30,2022-07-25T06:38,2850,1320
2021,286,41,2021-10-13T09:08,2825,3400
2018,298,43,2018-10-25T04:48,7856,3141
2021,234,34,2021-08-22T07:09,1612,651
2020,213,31,2020-07-31T19:45,6517,2336
2021,68,10,2021-03-09T09:34,9714,3544
2022,108,16,2022-04-18T18:17,5154,2361
2022,98,14,2022-04-08T17:32,8502,3905
2020,48,7,2020-02-17T11:17,4898,1931
2021,302,44,2021-10-29T17:05,7439,4067
2022,76,11,2022-03-17T12:21,4000,1697
2022,85,13,2022-03-26T17:08,6746,3140
2020,352,51,2020-12-17T08:07,1606,622
2020,155,23,2020-06-03T12:02,1602,665
2021,20,3,2021-01-20T17:29,1611,606
2022,345,50,2022-12-11T10:02,10459,3949
2022,45,7,2022-02-14T17:47,185,117
2022,140,20,2022-05-20T16:58,8065,3698
2022,308,44,2022-11-04T08:25,8062,2982
2021,347,50,2021-12-13T05:52,6171,3393
2018,303,44,2018-10-30T05:57,6533,2406
2022,112,16,2022-04-22T16:45,9666,4510
2020,230,33,2020-08-17T05:32,1610,548
2021,313,45,2021-11-09T17:10,6456,2492
2022,66,10,2022-03-07T18:21,246,80
2022,42,6,2022-02-11T19:10,3436,1552
2022,255,37,2022-09-12T06:48,8082,2975
2023,9,2,2023-01-09T17:27,2853,1109
2022,50,8,2022-02-19T18:34,229,148
2017,292,42,2017-10-19T08:51,142,117
2022,277,40,2022-10-04T08:32,6457,2321
2020,108,16,2020-04-17T07:51,9725,3744
2020,219,32,2020-08-06T06:34,1615,553
2018,219,32,2018-08-07T19:39,6074,2266
2018,148,22,2018-05-28T10:13,1501,771
2023,28,4,2023-01-28T18:37,2715,1098
2023,62,9,2023-03-03T15:31,4918,2473
2017,330,48,2017-11-26T09:50,5870,2662
